[
  {
    "id": 1,
    "description": "Finish homework",
    "isCompleted": true,
    "creationDate": "2024-05-11",
    "dueDate": "2024-05-22"
  },
  {
    "id": 2,
    "description": "Buy groceries",
    "isCompleted": false,
    "creationDate": "2024-05-15",
    "dueDate": "2024-05-21"
  },
  {
    "id": 3,
    "description": "Call mom",
    "isCompleted": true,
    "creationDate": "2024-05-10",
    "dueDate": "2024-05-20"
  },
  {
    "id": 4,
    "description": "Go for a run",
    "isCompleted": false,
    "creationDate": "2024-05-18",
    "dueDate": "2024-05-24"
  },
  {
    "id": 5,
    "description": "Read a book",
    "isCompleted": false,
    "creationDate": "2024-05-13",
    "dueDate": "2024-05-23"
  },
  {
    "id": 6,
    "description": "Pay bills",
    "isCompleted": true,
    "creationDate": "2024-05-21",
    "dueDate": "2024-05-26"
  },
  {
    "id": 7,
    "description": "Clean the house",
    "isCompleted": false,
    "creationDate": "2024-05-17",
    "dueDate": "2024-05-27"
  },
  {
    "id": 8,
    "description": "Attend meeting",
    "isCompleted": false,
    "creationDate": "2024-05-15",
    "dueDate": "2024-05-25"
  },
  {
    "id": 9,
    "description": "Prepare presentation",
    "isCompleted": true,
    "creationDate": "2024-05-18",
    "dueDate": "2024-05-28"
  },
  {
    "id": 10,
    "description": "Walk the dog",
    "isCompleted": false,
    "creationDate": "2024-05-19",
    "dueDate": "2024-05-29"
  }
]